username,urls,post_dates,n_likes,n_comments,n_hashtags,n_characters,n_words,n_emojis,n_mentions,is_video
justinbieber,https://www.instagram.com/p/WLYjMnAvoh,1361846631,609400,26289,0,11,3,0,0,FALSE
justinbieber,https://www.instagram.com/p/BGYJsBXAvhE,1465354262,1348779,15595,0,0,0,0,1,FALSE
justinbieber,https://www.instagram.com/p/hSqfGRgvr_,1385713236,935287,33293,0,1,1,0,0,FALSE
justinbieber,https://www.instagram.com/p/COltyG7HUCy,1620428217,2334409,20286,0,0,0,0,0,FALSE
justinbieber,https://www.instagram.com/p/oO2LA3gvk0,1400617531,1012828,31556,0,49,9,0,0,TRUE
justinbieber,https://www.instagram.com/p/BDrdxsVAvon,1459559878,1968591,44348,0,0,0,0,0,FALSE
justinbieber,https://www.instagram.com/p/Jiil7,1312674274,130947,1449,0,36,5,0,0,FALSE
justinbieber,https://www.instagram.com/p/Ipyi_,1311788105,160547,5616,0,15,2,0,0,FALSE
justinbieber,https://www.instagram.com/p/iHqJK_gvp0,1387491442,457019,3687,2,16,2,0,0,FALSE
justinbieber,https://www.instagram.com/p/CEadm28nyG2,1598575801,1464496,5488,0,88,14,0,0,FALSE
justinbieber,https://www.instagram.com/p/BDcArURAvtC,1459041304,2192647,255473,0,30,6,0,0,FALSE
justinbieber,https://www.instagram.com/p/6LC3R2Avip,1439144673,792340,12487,1,34,6,0,0,FALSE
justinbieber,https://www.instagram.com/p/IRj8O,1311383542,875758,136037,0,15,3,0,0,FALSE
justinbieber,https://www.instagram.com/p/BDE9ZcyAvk1,1458267833,2036896,42616,0,0,0,0,0,FALSE
justinbieber,https://www.instagram.com/p/BgC6xoCjZF1,1520476376,2005659,18400,0,0,0,0,0,FALSE
justinbieber,https://www.instagram.com/p/BHi7FUXBP1g,1467863187,1460598,12538,0,0,0,0,0,FALSE
justinbieber,https://www.instagram.com/p/B4i8f54H89c,1573090628,504927,2761,0,20,5,6,0,FALSE
justinbieber,https://www.instagram.com/p/iRH5ebgvkk,1387809031,665138,12115,1,49,4,0,0,FALSE
justinbieber,https://www.instagram.com/p/3XSbsDgvkL,1433113038,1213359,21399,1,10,1,0,0,FALSE
justinbieber,https://www.instagram.com/p/4A6GD2Avus,1434509564,1231825,26038,0,25,4,0,0,FALSE
justinbieber,https://www.instagram.com/p/rvBMTNAvo2,1408139501,755998,32392,0,42,9,0,0,TRUE
justinbieber,https://www.instagram.com/p/oZ8hSRAvlO,1400989958,975193,11504,0,68,14,0,0,FALSE
justinbieber,https://www.instagram.com/p/CTFkBCeFZey,1630086773,1143211,4748,0,14,2,1,0,FALSE
justinbieber,https://www.instagram.com/p/BU8BbDsDRmD,1496622660,3000957,57656,0,0,0,0,0,FALSE
justinbieber,https://www.instagram.com/p/B4iyZ8anVHS,1573085337,966987,2682,0,36,4,0,0,FALSE
justinbieber,https://www.instagram.com/p/B9mYczGny0q,1583943409,427415,2015,2,45,5,0,0,TRUE
justinbieber,https://www.instagram.com/p/BUKrC3ijyYb,1494966760,1476678,13274,0,0,0,0,0,FALSE
justinbieber,https://www.instagram.com/p/qgYOahgvjo,1405500777,812821,11238,0,10,3,0,0,FALSE
justinbieber,https://www.instagram.com/p/BgF86b_DxYO,1520578160,5929849,109014,0,0,0,0,0,FALSE
justinbieber,https://www.instagram.com/p/-3w-yzAvgZ,1449235181,1355671,19387,0,9,2,0,0,FALSE
justinbieber,https://www.instagram.com/p/BU5iofnDVOc,1496539408,1541752,12716,0,15,1,0,0,FALSE
justinbieber,https://www.instagram.com/p/iHqJK_gvp0,1387491442,457019,3687,2,16,2,0,0,FALSE
justinbieber,https://www.instagram.com/p/BVF6AdBjmIj,1496954316,1084193,8141,1,22,3,0,0,TRUE
justinbieber,https://www.instagram.com/p/B-MKEZInDSg,1585210914,347676,2124,0,59,13,0,0,TRUE
justinbieber,https://www.instagram.com/p/cGK6aSgvt5,1374556611,607437,29421,0,49,11,0,0,TRUE
justinbieber,https://www.instagram.com/p/BDONRB9gvrb,1458578143,1631487,26913,0,0,0,0,1,FALSE
justinbieber,https://www.instagram.com/p/CCpacQwnx7b,1594782490,2335008,10247,0,86,15,0,0,FALSE
justinbieber,https://www.instagram.com/p/ieYo2LAvhJ,1388254016,919438,26801,0,14,2,0,0,FALSE
justinbieber,https://www.instagram.com/p/S4pTkUgvqg,1354775431,299167,3784,0,18,4,0,0,FALSE
justinbieber,https://www.instagram.com/p/4ztze8gvvV,1436214396,1330238,15325,0,83,15,0,0,FALSE
justinbieber,https://www.instagram.com/p/B6_fI4SnSyn,1578343316,987596,8127,0,31,6,0,0,TRUE
justinbieber,https://www.instagram.com/p/BBdguwdgvq2,1454796697,1085256,9887,0,25,4,0,0,TRUE
justinbieber,https://www.instagram.com/p/lprRdEAvq8,1395075335,677894,15364,0,43,7,0,0,TRUE
justinbieber,https://www.instagram.com/p/BJKBmoiBPLO,1471322713,1146235,25124,1,5,1,0,0,TRUE
justinbieber,https://www.instagram.com/p/CaQMAouPhIS,1645475671,686671,2634,0,14,2,1,0,FALSE
justinbieber,https://www.instagram.com/p/CRPNRgXn4pe,1626115426,1322909,4089,0,40,5,0,0,FALSE
justinbieber,https://www.instagram.com/p/CJy-PDfnp4S,1610135632,547296,3755,0,0,0,0,0,FALSE
justinbieber,https://www.instagram.com/p/COWAD96nbyf,1619900929,3372846,20903,0,115,17,0,0,FALSE
justinbieber,https://www.instagram.com/p/oCpqUjgvtZ,1400208319,892871,12860,0,6,1,0,0,FALSE
justinbieber,https://www.instagram.com/p/jeFu7egvgj,1390391588,972440,18311,0,18,4,0,0,FALSE
justinbieber,https://www.instagram.com/p/BW0-IC4jXY2,1500681017,2736496,72123,0,0,0,0,0,FALSE
justinbieber,https://www.instagram.com/p/7bhxeEAvgN,1441845233,1061359,13343,0,50,9,0,0,FALSE
justinbieber,https://www.instagram.com/p/QfxEYdgvi9,1349645673,367930,8194,0,7,1,0,0,FALSE
justinbieber,https://www.instagram.com/p/CKmq--Uni3w,1611870369,1423305,11531,0,0,0,0,0,FALSE
justinbieber,https://www.instagram.com/p/-LJO1zAvv1,1447737946,1079381,5685,0,47,10,0,0,FALSE
justinbieber,https://www.instagram.com/p/B0H_psSH_s7,1563596377,3139876,19560,0,18,5,0,0,FALSE
justinbieber,https://www.instagram.com/p/CLH7cwwnTTe,1612986313,670094,12785,0,31,6,0,0,TRUE
justinbieber,https://www.instagram.com/p/ytttoBgvos,1423128120,1134607,20363,0,60,14,0,0,FALSE
justinbieber,https://www.instagram.com/p/B8AP2d6nCqD,1580516304,466381,788,0,12,2,1,0,FALSE
justinbieber,https://www.instagram.com/p/CFAxefynsKb,1599861286,2403883,11612,0,36,7,2,0,FALSE
justinbieber,https://www.instagram.com/p/RRysUsAvk6,1351324248,424270,7223,0,9,1,0,0,FALSE
justinbieber,https://www.instagram.com/p/-ui8d-gvnf,1448925832,1227077,12604,0,63,14,0,0,FALSE
justinbieber,https://www.instagram.com/p/n3qDBUgvhN,1399839422,699401,6494,1,9,1,0,0,FALSE
justinbieber,https://www.instagram.com/p/B20bgu2nhBd,1569382357,899061,4829,0,26,3,0,0,TRUE
justinbieber,https://www.instagram.com/p/BDovDlvAviY,1459468274,1478500,34800,1,28,4,0,0,FALSE
justinbieber,https://www.instagram.com/p/-D2vXwAvrX,1447493370,972573,4332,0,65,13,0,0,FALSE
justinbieber,https://www.instagram.com/p/WV13vggvkB,1362197548,532148,23919,0,15,4,0,0,FALSE
justinbieber,https://www.instagram.com/p/CNIWqAIHX1T,1617295529,1632892,6575,0,41,6,1,0,FALSE
justinbieber,https://www.instagram.com/p/rvGWPdgvgz,1408142204,681447,29611,0,40,6,0,0,TRUE
justinbieber,https://www.instagram.com/p/B_2VAd9D3VP,1588773398,1036851,5768,1,37,5,0,0,FALSE
justinbieber,https://www.instagram.com/p/j10Wo-gvoJ,1391187782,1068527,64549,0,1,1,0,0,FALSE
justinbieber,https://www.instagram.com/p/nR2zvIgvmu,1398571044,654556,22523,0,74,13,0,0,FALSE
justinbieber,https://www.instagram.com/p/UYrAM,1321438463,155918,4922,0,15,3,0,0,FALSE
justinbieber,https://www.instagram.com/p/CNdUS7anpbA,1617998935,1050728,9479,0,46,9,1,1,FALSE
justinbieber,https://www.instagram.com/p/-8PulhgvoH,1449385519,2000790,31439,0,54,9,0,0,FALSE
justinbieber,https://www.instagram.com/p/q0MW2QAvjZ,1406165644,502250,10622,0,0,0,0,0,TRUE
justinbieber,https://www.instagram.com/p/9JKFDdAvpa,1445523798,830028,19469,1,57,9,0,0,FALSE
justinbieber,https://www.instagram.com/p/-xMGB7AvhA,1449014515,876022,4798,0,11,2,0,0,FALSE
justinbieber,https://www.instagram.com/p/-8R_migvrD,1449386707,3038695,346735,0,15,2,0,0,FALSE
justinbieber,https://www.instagram.com/p/BvDkK32HqXy,1552710333,1453287,16936,0,4,1,0,0,FALSE
justinbieber,https://www.instagram.com/p/CDFZjDJHG_Q,1595721546,1227573,3427,1,57,8,0,0,FALSE
justinbieber,https://www.instagram.com/p/Tj1HKGgvjs,1356224462,435233,8412,0,0,0,0,0,FALSE
justinbieber,https://www.instagram.com/p/Pf7wItAvqF,1347503791,330906,11481,0,37,8,0,0,FALSE
justinbieber,https://www.instagram.com/p/n4IcodgvjT,1399855361,1018018,14733,0,39,11,0,0,FALSE
justinbieber,https://www.instagram.com/p/TMoCs2Avi3,1355445857,403004,9027,0,16,5,0,0,FALSE
justinbieber,https://www.instagram.com/p/CQtXSCJH0AC,1624979822,1190218,6113,0,0,0,0,0,FALSE
justinbieber,https://www.instagram.com/p/BUcnAemDJ0C,1495568623,2339294,52244,0,20,4,0,0,FALSE
justinbieber,https://www.instagram.com/p/B_x4Jinn4-k,1588624050,2390991,7671,0,157,30,0,0,FALSE
justinbieber,https://www.instagram.com/p/CDNZ5niH36B,1595990178,2678407,9693,0,14,3,0,0,TRUE
justinbieber,https://www.instagram.com/p/hM0JZ3gvtQ,1385516975,955146,22166,0,0,0,0,0,FALSE
justinbieber,https://www.instagram.com/p/Bvw0poeHwSd,1554228923,3814476,26847,0,337,66,0,0,FALSE
justinbieber,https://www.instagram.com/p/B6eDC5BnFqJ,1577221256,1634738,2369,0,39,6,0,2,FALSE
justinbieber,https://www.instagram.com/p/b0SPgSAvro,1373956474,833683,19518,0,21,7,0,0,FALSE
justinbieber,https://www.instagram.com/p/BADwhoxAvm-,1451785079,1806559,63197,0,4,1,0,1,FALSE
justinbieber,https://www.instagram.com/p/BIa8U9dBaCZ,1469742888,1561994,19162,0,0,0,0,0,FALSE
justinbieber,https://www.instagram.com/p/BEvQmZFAvsm,1461834671,1557048,21715,0,0,0,0,0,FALSE
justinbieber,https://www.instagram.com/p/7TX8CrAvnT,1441571641,951393,6531,0,0,0,0,0,FALSE
justinbieber,https://www.instagram.com/p/BJCEGTQhjvm,1471055585,1283500,117658,0,0,0,0,0,FALSE
justinbieber,https://www.instagram.com/p/hvWia1gvv7,1386675856,822453,21821,1,37,5,0,0,TRUE
justinbieber,https://www.instagram.com/p/BH8mkiqBh5E,1468724848,1659052,17886,0,7,2,0,0,FALSE
justinbieber,https://www.instagram.com/p/5Vx__QAvgn,1437357446,1223621,33078,0,0,0,0,0,FALSE
justinbieber,https://www.instagram.com/p/BR9Q-Wijc9d,1490221916,2413736,25982,0,0,0,0,0,FALSE
justinbieber,https://www.instagram.com/p/hMyu-tgvre,1385516234,874051,16227,0,0,0,0,0,FALSE
justinbieber,https://www.instagram.com/p/CHwTIEQntsq,1605750954,1136837,19228,0,704,127,0,0,FALSE
justinbieber,https://www.instagram.com/p/BA-8Drqgvl5,1453770837,1662823,27252,0,0,0,0,0,FALSE
justinbieber,https://www.instagram.com/p/B9vMY6jHYz0,1584239031,1546660,11352,0,0,0,0,0,FALSE
justinbieber,https://www.instagram.com/p/CTAS8bFFvYc,1629910050,1884340,8178,0,0,0,0,0,FALSE
justinbieber,https://www.instagram.com/p/tlckutAvtU,1412113280,1049602,22740,0,14,2,0,0,FALSE
justinbieber,https://www.instagram.com/p/CREpohJnP4s,1625761327,795489,4053,0,142,20,1,0,TRUE
justinbieber,https://www.instagram.com/p/Vm0vQfgvur,1360619896,616209,12548,0,0,0,0,0,FALSE
justinbieber,https://www.instagram.com/p/CObVRnBnCsY,1620079823,1990091,8167,0,33,3,9,0,FALSE
justinbieber,https://www.instagram.com/p/CNqH5ZgnUKF,1618428642,690485,1550,0,44,8,1,0,FALSE
justinbieber,https://www.instagram.com/p/hvGs8AAvkz,1386667554,926248,13257,1,48,7,0,0,FALSE
justinbieber,https://www.instagram.com/p/BhLHzBTjLWh,1522899122,2989644,46654,0,0,0,0,0,FALSE
justinbieber,https://www.instagram.com/p/-mPwAhAvjG,1448647333,1237398,12179,1,8,1,0,0,FALSE
justinbieber,https://www.instagram.com/p/8n6LC8gvgc,1444408162,584897,2764,2,16,2,0,0,FALSE
justinbieber,https://www.instagram.com/p/CHwTIEQntsq,1605750954,1136837,19228,0,704,127,0,0,FALSE
justinbieber,https://www.instagram.com/p/6xtKmfgvlI,1440441920,754831,32113,0,0,0,0,0,FALSE
justinbieber,https://www.instagram.com/p/9Ln4ZDAvsx,1445606532,882948,3920,0,20,3,0,0,FALSE
justinbieber,https://www.instagram.com/p/CL4jr9_HTHt,1614618007,2117005,22337,0,15,3,0,1,FALSE
justinbieber,https://www.instagram.com/p/CDSfcVkngUU,1596160844,1132578,5693,0,0,0,0,0,FALSE
justinbieber,https://www.instagram.com/p/BJCShPChzIt,1471063146,2036094,124448,0,0,0,0,0,FALSE
justinbieber,https://www.instagram.com/p/7tQLq2gvmm,1442439990,1066966,13434,0,0,0,0,0,FALSE
justinbieber,https://www.instagram.com/p/3Szih3gvoX,1432962623,1268771,32640,0,16,4,0,0,FALSE
justinbieber,https://www.instagram.com/p/hWXZnmAvsT,1385837448,888943,25429,0,5,1,0,0,FALSE
justinbieber,https://www.instagram.com/p/B8W3bNmHphn,1581275321,581834,8432,0,57,12,0,0,TRUE
justinbieber,https://www.instagram.com/p/YNa9b,1323475227,110828,738,0,29,7,0,0,FALSE
justinbieber,https://www.instagram.com/p/CN0rWCInBJF,1618782810,630154,4346,0,0,0,0,0,TRUE
justinbieber,https://www.instagram.com/p/CRhwAVrHDPt,1626737615,426866,1106,0,35,2,0,0,FALSE
justinbieber,https://www.instagram.com/p/CRg76FpHWG9,1626710301,1795634,14175,0,17,2,1,0,FALSE
justinbieber,https://www.instagram.com/p/CIEXdgCHi0O,1606424315,2725563,22529,0,0,0,0,0,FALSE
justinbieber,https://www.instagram.com/p/TNHpTXAvgD,1355462426,370469,3806,0,18,4,0,0,FALSE
justinbieber,https://www.instagram.com/p/BDONRB9gvrb,1458578143,1631487,26913,0,0,0,0,1,FALSE
justinbieber,https://www.instagram.com/p/txFvrsAvqZ,1412503965,884665,17095,0,0,0,0,0,TRUE
justinbieber,https://www.instagram.com/p/BWY0Aq3DIjS,1499736190,1943861,48061,0,133,27,0,0,TRUE
justinbieber,https://www.instagram.com/p/CKhzLZhHde6,1611706893,1025817,3970,0,14,2,1,0,FALSE
justinbieber,https://www.instagram.com/p/CNDU98THCWF,1617126897,871346,10686,0,31,6,1,0,TRUE
justinbieber,https://www.instagram.com/p/B2yK3ODH-Ne,1569306509,925964,5130,0,19,4,0,0,FALSE
justinbieber,https://www.instagram.com/p/B8fIUwpnOW6,1581552650,238005,743,2,154,23,0,0,TRUE
justinbieber,https://www.instagram.com/p/CNkxJThnNmT,1618248941,767538,7427,0,53,11,0,0,FALSE
justinbieber,https://www.instagram.com/p/oPZfrwAvjf,1400636050,1172541,31702,1,27,1,0,0,FALSE
justinbieber,https://www.instagram.com/p/B63KMILH1Em,1578063910,2099204,22006,0,86,18,0,0,TRUE
justinbieber,https://www.instagram.com/p/CTXZ-gKFp3L,1630685489,964198,5274,0,10,2,0,0,FALSE
justinbieber,https://www.instagram.com/p/CI7J8-2HNUI,1608262727,2526501,20247,0,0,0,0,0,FALSE
justinbieber,https://www.instagram.com/p/sxxNNAgvvR,1410379267,802082,10593,0,0,0,0,0,FALSE
justinbieber,https://www.instagram.com/p/CUN9DEfvs6X,1632515815,976944,4240,0,38,4,0,1,FALSE
justinbieber,https://www.instagram.com/p/CasHTwNJ_ed,1646412766,582904,4256,0,46,9,1,0,TRUE
justinbieber,https://www.instagram.com/p/KdOmS,1313533933,126670,1822,0,19,3,0,0,FALSE
justinbieber,https://www.instagram.com/p/VsI952Avvb,1360798274,682183,13510,0,10,3,0,0,FALSE
justinbieber,https://www.instagram.com/p/CRpTrbZnCw7,1626991199,1199885,4796,0,47,6,1,0,FALSE
justinbieber,https://www.instagram.com/p/BFHsiczAvh1,1462654625,1584217,11599,0,51,10,0,0,FALSE
justinbieber,https://www.instagram.com/p/CH9Nu30nT2z,1606184334,2285299,14756,0,44,12,0,0,FALSE
justinbieber,https://www.instagram.com/p/umWv56Avmt,1414291264,965178,37751,0,0,0,0,0,FALSE
justinbieber,https://www.instagram.com/p/CLaAbO6HGmF,1613592887,684278,3188,0,12,2,0,0,FALSE
justinbieber,https://www.instagram.com/p/hIUsVMgvhG,1385366266,594571,5949,2,153,27,0,0,FALSE
justinbieber,https://www.instagram.com/p/BGdqFg8Avtx,1465539020,1617720,32684,0,0,0,0,0,FALSE
justinbieber,https://www.instagram.com/p/BWMhq9EjhfI,1499323922,2122481,23727,0,0,0,0,0,FALSE
justinbieber,https://www.instagram.com/p/tDuAJIAvnF,1410981567,1292202,52599,0,35,7,0,0,FALSE
justinbieber,https://www.instagram.com/p/d0_caVgvlf,1378275140,582450,26444,0,0,0,0,0,TRUE
justinbieber,https://www.instagram.com/p/BAGZbjAgvvX,1451873634,1955911,27021,0,0,0,0,0,FALSE
justinbieber,https://www.instagram.com/p/mqG1yrgvkM,1397237272,1119357,40791,0,0,0,0,0,FALSE
justinbieber,https://www.instagram.com/p/txFvrsAvqZ,1412503965,884665,17095,0,0,0,0,0,TRUE
justinbieber,https://www.instagram.com/p/683aCagvul,1440816388,580004,7023,0,0,0,0,0,TRUE
justinbieber,https://www.instagram.com/p/R_kC6XAvny,1352860071,277927,6354,0,0,0,0,0,FALSE
justinbieber,https://www.instagram.com/p/B7EDHDanft_,1578496475,250786,1335,0,112,19,0,0,TRUE
justinbieber,https://www.instagram.com/p/qncYlogvs2,1405737839,822981,13275,0,0,0,0,0,FALSE
justinbieber,https://www.instagram.com/p/mJh6wIgvmz,1396144173,1171657,48254,0,1,1,0,0,FALSE
justinbieber,https://www.instagram.com/p/BAeHPv8gvqy,1452669407,1587139,14197,0,0,0,0,0,FALSE
justinbieber,https://www.instagram.com/p/4f5kx0Avoc,1435549479,1035958,8336,1,171,34,0,0,FALSE
justinbieber,https://www.instagram.com/p/CJpUdrwneZM,1609811742,2237608,11059,0,15,2,0,0,FALSE
justinbieber,https://www.instagram.com/p/tqmxi-AvnJ,1412286400,1017853,23339,0,47,7,0,0,FALSE
justinbieber,https://www.instagram.com/p/9Ahl4jgvvQ,1445234136,1311395,31036,0,0,0,0,0,FALSE
justinbieber,https://www.instagram.com/p/BDKBZfKgvlZ,1458437703,1997374,56589,0,0,0,0,0,FALSE
justinbieber,https://www.instagram.com/p/B7pR4paHEUQ,1579745619,2953143,10621,0,46,9,0,0,FALSE
justinbieber,https://www.instagram.com/p/B_zvsrCnMc3,1588686728,1296020,3613,0,91,15,0,0,FALSE
justinbieber,https://www.instagram.com/p/b8KUiMAvv4,1374220757,815087,18390,0,0,0,0,0,FALSE
justinbieber,https://www.instagram.com/p/RUZkahAvmf,1351411740,373873,7116,0,0,0,0,0,FALSE
justinbieber,https://www.instagram.com/p/BHi6MybBBiS,1467862724,967862,4618,0,0,0,0,0,FALSE
justinbieber,https://www.instagram.com/p/674I7Sgvpo,1440783218,672422,6344,1,68,8,0,0,TRUE
justinbieber,https://www.instagram.com/p/CSNJOoTH57F,1628193680,1282040,13909,0,92,19,0,2,FALSE
justinbieber,https://www.instagram.com/p/BFm2JSaAvre,1463699849,1712512,16538,0,0,0,0,0,FALSE
justinbieber,https://www.instagram.com/p/-8R_migvrD,1449386707,3038695,346735,0,15,2,0,0,FALSE
justinbieber,https://www.instagram.com/p/BY_limHDkYv,1505332194,1174184,5906,0,0,0,0,0,FALSE
justinbieber,https://www.instagram.com/p/BAPqZ9Fgvnz,1452184524,2119944,68566,0,0,0,0,0,FALSE
justinbieber,https://www.instagram.com/p/PcEfCEAvo_,1347374151,231640,3906,0,48,11,0,0,FALSE
justinbieber,https://www.instagram.com/p/B997-7zn9HR,1584733766,2432181,18189,0,12,2,0,0,TRUE
justinbieber,https://www.instagram.com/p/BVkyt14Dou2,1497990681,1360482,12518,4,91,8,0,0,TRUE
justinbieber,https://www.instagram.com/p/CFZ6k3FnMtR,1600704918,2521511,11116,1,42,7,0,0,FALSE
justinbieber,https://www.instagram.com/p/q5IFBlgvmE,1406331173,565563,10471,0,22,4,0,0,TRUE
justinbieber,https://www.instagram.com/p/IMhuj,1311293684,481563,142489,0,0,0,0,0,FALSE
justinbieber,https://www.instagram.com/p/JCNWs,1312161671,131840,2615,0,53,10,0,0,FALSE
justinbieber,https://www.instagram.com/p/W5H8B-AvlU,1363381426,646986,19076,0,0,0,0,0,FALSE
justinbieber,https://www.instagram.com/p/B-L5vc2nXuD,1585202333,1272106,5271,0,0,0,0,0,FALSE
justinbieber,https://www.instagram.com/p/qKIjBtgvgF,1404754360,1169662,16481,0,20,5,0,0,FALSE
justinbieber,https://www.instagram.com/p/Z4xSp5gvjX,1369812004,705650,36143,0,21,4,0,0,FALSE
justinbieber,https://www.instagram.com/p/xAyO93Avlw,1419473057,930432,19995,0,15,2,0,0,FALSE
justinbieber,https://www.instagram.com/p/q5IFBlgvmE,1406331173,565563,10471,0,22,4,0,0,TRUE
justinbieber,https://www.instagram.com/p/RU_6E,1319485506,140469,2184,0,0,0,0,0,FALSE
justinbieber,https://www.instagram.com/p/CEkym9IHtUa,1598922356,4418034,21833,0,0,0,0,0,FALSE
justinbieber,https://www.instagram.com/p/B3k20abHPK0,1571007276,2549177,11290,0,19,4,0,0,FALSE
justinpjtrudeau,https://www.instagram.com/p/Bh2jx2lBk9y,1524356633,79649,1805,2,1114,197,0,1,FALSE
justinpjtrudeau,https://www.instagram.com/p/Buj9mrdAk6H,1551649952,18063,911,0,485,82,0,7,TRUE
justinpjtrudeau,https://www.instagram.com/p/CVktmWarh-v,1635426951,46857,1249,0,527,84,0,0,FALSE
justinpjtrudeau,https://www.instagram.com/p/1xpFxDjjyh,1429702365,853,8,6,241,42,0,0,FALSE
justinpjtrudeau,https://www.instagram.com/p/BmrheiOhZel,1534723746,70814,1487,0,401,66,0,1,FALSE
justinpjtrudeau,https://www.instagram.com/p/BFMf5JODj4J,1462815767,3047,27,1,345,55,0,0,TRUE
justinpjtrudeau,https://www.instagram.com/p/BY_dzVmBeB5,1505328136,26658,403,0,1059,172,0,0,FALSE
justinpjtrudeau,https://www.instagram.com/p/BrRR8vTgGqd,1544580607,13276,220,0,180,32,0,0,FALSE
justinpjtrudeau,https://www.instagram.com/p/Bpk4ABXgv2f,1540943124,26767,344,0,518,84,0,1,FALSE
justinpjtrudeau,https://www.instagram.com/p/CNyPmhNrW9_,1618701117,116740,3241,0,522,80,0,0,FALSE
justinpjtrudeau,https://www.instagram.com/p/CTvyepnrLuw,1631503641,41964,1608,0,244,37,0,8,FALSE
justinpjtrudeau,https://www.instagram.com/p/BwdMYAoAzeU,1555717756,46799,766,0,505,88,0,1,FALSE
justinpjtrudeau,https://www.instagram.com/p/BXbPrtkBUvW,1501965291,37539,227,0,325,61,0,1,FALSE
justinpjtrudeau,https://www.instagram.com/p/B0o1V2VgS8x,1564698268,41803,847,0,825,132,0,0,FALSE
justinpjtrudeau,https://www.instagram.com/p/BVaXpZrh4M9,1497640944,34758,286,0,489,80,0,0,FALSE
justinpjtrudeau,https://www.instagram.com/p/CTtFrKeLRMA,1631413042,48436,1949,0,484,82,0,1,FALSE
justinpjtrudeau,https://www.instagram.com/p/CFz-w7JA53B,1601579529,51218,1982,0,913,146,0,1,FALSE
justinpjtrudeau,https://www.instagram.com/p/BEees2aDjxl,1461271638,17022,1293,0,338,49,0,0,FALSE
justinpjtrudeau,https://www.instagram.com/p/BF9mtYYDj_X,1464463508,10709,155,1,321,58,0,0,FALSE
justinpjtrudeau,https://www.instagram.com/p/ksJpBfDj8q,1393010882,801,7,2,15,2,0,0,FALSE
justinpjtrudeau,https://www.instagram.com/p/BaMrjjRB8qt,1507919089,45614,993,1,425,61,0,0,TRUE
justinpjtrudeau,https://www.instagram.com/p/BvIdSlOAfbB,1552874498,96988,1922,0,569,93,0,2,FALSE
justinpjtrudeau,https://www.instagram.com/p/BVe4D1lBqTK,1497792156,116124,1131,0,167,32,0,0,FALSE
justinpjtrudeau,https://www.instagram.com/p/BtjYs1Jg-E4,1549483094,9051,122,1,243,41,0,0,FALSE
justinpjtrudeau,https://www.instagram.com/p/Bq043cRgwlB,1543627963,48423,3333,1,179,32,0,0,TRUE
justinpjtrudeau,https://www.instagram.com/p/CIWEJdxgAOW,1607018170,38196,718,2,1071,185,0,1,FALSE
justinpjtrudeau,https://www.instagram.com/p/BPNwvUjg9kB,1484332991,16396,259,0,246,35,0,0,FALSE
justinpjtrudeau,https://www.instagram.com/p/BQ5kWu5BAhU,1487950376,27313,322,0,284,48,0,0,FALSE
justinpjtrudeau,https://www.instagram.com/p/7Ofz_0Dj-e,1441407997,4918,198,5,234,38,0,0,FALSE
justinpjtrudeau,https://www.instagram.com/p/BDBKF8gDj2m,1458140272,14346,222,0,527,84,0,0,FALSE
justinpjtrudeau,https://www.instagram.com/p/BReG9Z6BkU5,1489176478,18046,163,0,284,50,0,0,FALSE
justinpjtrudeau,https://www.instagram.com/p/BXoVq0Ahr6X,1502404637,7929,65,0,169,28,0,0,FALSE
justinpjtrudeau,https://www.instagram.com/p/BBVxB1bDjzR,1454536807,16347,380,0,267,45,0,0,FALSE
justinpjtrudeau,https://www.instagram.com/p/BMUyWeKgdrI,1478126266,59803,1221,0,219,29,5,0,TRUE
justinpjtrudeau,https://www.instagram.com/p/TdnkdPjj0t,1356016035,492,9,1,95,16,0,0,FALSE
justinpjtrudeau,https://www.instagram.com/p/CR4nwQcL88M,1627505041,34345,1335,0,1094,192,0,2,FALSE
justinpjtrudeau,https://www.instagram.com/p/BJQ2cpUgEVU,1471551745,9566,98,4,764,137,0,0,FALSE
justinpjtrudeau,https://www.instagram.com/p/B2zugJFghmz,1569359059,15320,299,2,273,39,0,5,TRUE
justinpjtrudeau,https://www.instagram.com/p/BVp-UnYBBto,1498164538,17603,196,0,301,49,0,2,FALSE
justinpjtrudeau,https://www.instagram.com/p/BNfHnEHhHPt,1480620440,24416,156,2,260,42,0,1,FALSE
justinpjtrudeau,https://www.instagram.com/p/BUNCSIUhIDd,1495046052,52246,317,2,533,83,0,1,FALSE
justinpjtrudeau,https://www.instagram.com/p/Bs_UCkEgTgW,1548272691,63199,1127,0,575,105,0,0,FALSE
justinpjtrudeau,https://www.instagram.com/p/BJWOEcrAXru,1471731902,23761,528,0,172,27,0,0,FALSE
justinpjtrudeau,https://www.instagram.com/p/p7cOCvjj0y,1404261357,1095,19,8,213,31,0,0,FALSE
justinpjtrudeau,https://www.instagram.com/p/BEj8sbgjj5n,1461455136,7600,135,3,1485,236,0,0,FALSE
justinpjtrudeau,https://www.instagram.com/p/BT9ZsQwhmON,1494521454,13324,194,0,556,91,0,4,FALSE
justinpjtrudeau,https://www.instagram.com/p/BZwiv3yBtDR,1506974897,55975,467,0,379,66,0,0,FALSE
justinpjtrudeau,https://www.instagram.com/p/BTpUL9TBGve,1493847479,20358,108,0,252,40,0,0,FALSE
justinpjtrudeau,https://www.instagram.com/p/BGVAX1ijj4Q,1465248715,16711,131,0,244,39,0,0,FALSE
justinpjtrudeau,https://www.instagram.com/p/CYtwlDfrSiC,1642172955,47151,4017,2,1927,357,0,0,FALSE
justinpjtrudeau,https://www.instagram.com/p/Bfi4h01hDEi,1519401456,100134,1599,0,523,85,0,5,FALSE
justinpjtrudeau,https://www.instagram.com/p/BBn0pPzDj6s,1455142682,12705,299,2,136,24,0,0,FALSE
justinpjtrudeau,https://www.instagram.com/p/Bn9tjCshXHW,1537481567,23601,311,1,279,49,0,0,TRUE
justinpjtrudeau,https://www.instagram.com/p/CVMbtxFr4k1,1634612269,31272,1381,0,2004,350,0,1,FALSE
justinpjtrudeau,https://www.instagram.com/p/Bki7s7QBv73,1530140538,22530,384,0,631,113,0,0,FALSE
justinpjtrudeau,https://www.instagram.com/p/CP4eTNdLm8c,1623205117,151714,2802,0,556,104,0,0,FALSE
justinpjtrudeau,https://www.instagram.com/p/BpnDNuLghX9,1541016112,131128,1411,2,145,22,0,2,FALSE
justinpjtrudeau,https://www.instagram.com/p/BlGfE4YBw_6,1531333489,40841,812,2,535,85,0,5,FALSE
justinpjtrudeau,https://www.instagram.com/p/B8CUdPQgZPE,1580585828,97063,5096,0,469,83,0,4,FALSE
justinpjtrudeau,https://www.instagram.com/p/BN2p1KSg9lN,1481410133,41362,827,0,195,35,0,0,FALSE
justinpjtrudeau,https://www.instagram.com/p/BHVMT9ugAhJ,1467402458,60864,1358,0,62,9,0,0,FALSE
justinpjtrudeau,https://www.instagram.com/p/Bj9f9pIFyc2,1528884527,26878,655,1,188,31,2,0,TRUE
justinpjtrudeau,https://www.instagram.com/p/CIBL7wxglBA,1606317609,66584,1241,0,907,138,0,0,FALSE
justinpjtrudeau,https://www.instagram.com/p/BpCaXDdBR-t,1539786733,195400,6417,1,121,19,0,0,FALSE
justinpjtrudeau,https://www.instagram.com/p/BCzMX_hDj2W,1457671706,44670,971,1,74,12,0,0,FALSE
justinpjtrudeau,https://www.instagram.com/p/9hok77Dj9T,1446345094,23967,997,1,35,5,0,0,FALSE
justinpjtrudeau,https://www.instagram.com/p/S1FTUkjj1b,1354655891,1621,131,3,31,3,0,0,FALSE
justinpjtrudeau,https://www.instagram.com/p/XvTrC-jj_e,1365199518,935,47,3,56,8,0,0,FALSE
justinpjtrudeau,https://www.instagram.com/p/XQAhJHDj4g,1364149288,654,17,2,116,16,0,0,FALSE
justinpjtrudeau,https://www.instagram.com/p/BSbKhgfhGUC,1491225167,69265,1059,1,420,72,10,0,FALSE
justinpjtrudeau,https://www.instagram.com/p/BkbjjdXBn38,1529893334,11370,273,2,158,27,0,0,TRUE
justinpjtrudeau,https://www.instagram.com/p/BNS5NAdAkUP,1480210233,18145,285,0,471,75,1,0,FALSE
justinpjtrudeau,https://www.instagram.com/p/gvAatejj7M,1384516775,504,4,3,42,5,0,0,FALSE
justinpjtrudeau,https://www.instagram.com/p/Bj9f9pIFyc2,1528884527,26878,655,1,188,31,2,0,TRUE
justinpjtrudeau,https://www.instagram.com/p/BvP_Xmrg33Q,1553127246,82341,1464,2,573,101,0,0,FALSE
justinpjtrudeau,https://www.instagram.com/p/BDok_EZjj4Q,1459462994,23972,1239,0,235,40,0,0,FALSE
justinpjtrudeau,https://www.instagram.com/p/BwjzyaxgQ7o,1555939747,47179,838,2,734,113,13,0,FALSE
justinpjtrudeau,https://www.instagram.com/p/uEC979jj9e,1413140043,1616,23,2,283,47,0,0,FALSE
justinpjtrudeau,https://www.instagram.com/p/Bv8BjIgAS4A,1554604784,34761,539,2,447,73,1,0,FALSE
justinpjtrudeau,https://www.instagram.com/p/CT-4pnnrX0e,1632010193,32295,947,0,326,59,0,1,FALSE
justinpjtrudeau,https://www.instagram.com/p/BpYSCl4BeIY,1540520569,28557,486,0,424,75,0,2,FALSE
justinpjtrudeau,https://www.instagram.com/p/CatP9nggRLR,1646450822,45222,4443,0,362,64,0,3,FALSE
justinpjtrudeau,https://www.instagram.com/p/CRroNYvriJG,1627069072,29926,546,2,1141,186,0,2,FALSE
justinpjtrudeau,https://www.instagram.com/p/CP_6KEILFS4,1623454603,89296,1736,0,1166,206,0,6,FALSE
justinpjtrudeau,https://www.instagram.com/p/Bo-XxdtBdDF,1539651159,23721,369,2,587,91,0,2,FALSE
justinpjtrudeau,https://www.instagram.com/p/BwArdNEg7B4,1554761088,5342,83,0,148,26,0,0,TRUE
justinpjtrudeau,https://www.instagram.com/p/BN0JzTygSHL,1481326231,8225,37,2,298,52,0,2,FALSE
justinpjtrudeau,https://www.instagram.com/p/BR9MdbsBb5l,1490219550,26167,355,4,1300,213,0,0,FALSE
justinpjtrudeau,https://www.instagram.com/p/B22uWn6ga0m,1569459468,12858,203,2,353,53,0,5,TRUE
justinpjtrudeau,https://www.instagram.com/p/CRXJmndrp6a,1626381937,35548,597,0,1696,272,0,3,FALSE
justinpjtrudeau,https://www.instagram.com/p/BVp-UnYBBto,1498164538,17603,196,0,301,49,0,2,FALSE
justinpjtrudeau,https://www.instagram.com/p/Bv5J4TvAcVg,1554508489,35042,717,0,504,79,0,0,FALSE
justinpjtrudeau,https://www.instagram.com/p/CatP9nggRLR,1646450822,45222,4443,0,362,64,0,3,FALSE
justinpjtrudeau,https://www.instagram.com/p/VzZDagjj6N,1361041589,540,4,4,97,16,0,0,FALSE
justinpjtrudeau,https://www.instagram.com/p/BJOZ23tg5Mk,1471469646,3836,70,1,304,53,0,1,FALSE
justinpjtrudeau,https://www.instagram.com/p/BQjGNYPFf7Y,1487196374,36777,437,4,574,95,0,0,FALSE
justinpjtrudeau,https://www.instagram.com/p/CY7qQAdrwWd,1642639398,47434,3478,2,555,97,0,1,FALSE
justinpjtrudeau,https://www.instagram.com/p/BX8Q-c4h2S4,1503073265,28238,247,0,137,24,0,1,FALSE
justinpjtrudeau,https://www.instagram.com/p/CQCwxA9rTTG,1623550343,97069,1825,0,913,167,0,2,FALSE
justinpjtrudeau,https://www.instagram.com/p/Bf1j7EehOSK,1520028187,40183,977,1,206,33,0,0,FALSE
justinpjtrudeau,https://www.instagram.com/p/B3mUSMHgiQ7,1571056279,96950,1565,0,100,15,0,1,FALSE
justinpjtrudeau,https://www.instagram.com/p/BcqercvBHyo,1513213888,53643,503,0,265,41,0,0,FALSE
justinpjtrudeau,https://www.instagram.com/p/CTxorMGrWky,1631565610,42169,1671,0,466,76,0,0,FALSE
justinpjtrudeau,https://www.instagram.com/p/CKpsF_MAoaT,1611971614,83451,5199,0,1699,276,0,0,FALSE
justinpjtrudeau,https://www.instagram.com/p/B7PnYfNgzGP,1578884474,132319,13731,0,536,98,0,0,FALSE
justinpjtrudeau,https://www.instagram.com/p/BahT5yDBZ0y,1508611281,26435,275,0,314,49,0,0,FALSE
justinpjtrudeau,https://www.instagram.com/p/BSMuAWBhWEA,1490740454,7457,118,0,466,78,0,0,TRUE
justinpjtrudeau,https://www.instagram.com/p/BB6N1h8jj2G,1455759870,16829,362,2,227,39,0,0,FALSE
justinpjtrudeau,https://www.instagram.com/p/Bq3RZrCgAcj,1543707905,37055,671,2,555,90,0,1,FALSE
justinpjtrudeau,https://www.instagram.com/p/BPNwvUjg9kB,1484332991,16396,259,0,246,35,0,0,FALSE
justinpjtrudeau,https://www.instagram.com/p/BJWbz-cA52O,1471739107,33979,347,0,224,44,0,0,FALSE
justinpjtrudeau,https://www.instagram.com/p/BwalfXegQRr,1555630319,16981,726,0,243,42,0,0,TRUE
justinpjtrudeau,https://www.instagram.com/p/BWS7zrXhkAU,1499538951,27592,858,0,273,45,0,0,TRUE
justinpjtrudeau,https://www.instagram.com/p/BxqBjkbg5wW,1558295976,13416,92,0,358,54,0,0,TRUE
justinpjtrudeau,https://www.instagram.com/p/BgUGNAuh0do,1521052792,49419,652,0,132,22,0,0,FALSE
justinpjtrudeau,https://www.instagram.com/p/BvwXUe7gBKS,1554213605,27102,1508,0,198,36,0,0,TRUE
justinpjtrudeau,https://www.instagram.com/p/Bj2mu_UFaMd,1528653150,70201,917,4,533,90,0,3,FALSE
justinpjtrudeau,https://www.instagram.com/p/BkI1V6xhs3Q,1529264788,250575,2633,0,198,38,0,0,FALSE
justinpjtrudeau,https://www.instagram.com/p/kxbhOOjj3N,1393188028,617,5,2,15,2,0,0,FALSE
justinpjtrudeau,https://www.instagram.com/p/CFz-w7JA53B,1601579529,51218,1982,0,913,146,0,1,FALSE
justinpjtrudeau,https://www.instagram.com/p/Bc7oLveBLRd,1513789296,50035,628,0,516,93,0,0,FALSE
justinpjtrudeau,https://www.instagram.com/p/BVvWEj4Ba_0,1498344761,39377,206,4,221,34,0,1,FALSE
justinpjtrudeau,https://www.instagram.com/p/BwdMYAoAzeU,1555717756,46799,766,0,505,88,0,1,FALSE
justinpjtrudeau,https://www.instagram.com/p/B3hwo1YgVVA,1570903372,55150,1216,0,90,15,0,0,FALSE
justinpjtrudeau,https://www.instagram.com/p/B26-FSvgkB8,1569601798,206651,3048,4,371,54,0,1,FALSE
justinpjtrudeau,https://www.instagram.com/p/BOS6ctkAtfm,1482358369,16962,240,0,736,116,0,3,FALSE
justinpjtrudeau,https://www.instagram.com/p/TD_vpaDj-s,1355156294,702,34,1,45,6,0,0,FALSE
justinpjtrudeau,https://www.instagram.com/p/r-oDttDj4q,1408663195,1963,61,5,385,64,0,0,FALSE
justinpjtrudeau,https://www.instagram.com/p/B1kRoK9gLnx,1566692810,80702,1334,2,538,97,0,8,FALSE
justinpjtrudeau,https://www.instagram.com/p/BgHMxSNhj1X,1520620028,37279,671,0,440,77,0,0,FALSE
justinpjtrudeau,https://www.instagram.com/p/BEgjwHPjjxE,1461341395,20063,308,2,152,20,0,0,FALSE
justinpjtrudeau,https://www.instagram.com/p/BN0nwWlA1xH,1481341936,14374,154,0,309,58,0,0,FALSE
justinpjtrudeau,https://www.instagram.com/p/B3zXvmkATqY,1571494314,28106,779,1,54,6,0,0,TRUE
justinpjtrudeau,https://www.instagram.com/p/BhfjUbYByk3,1523584640,77061,1078,2,326,53,0,0,FALSE
justinpjtrudeau,https://www.instagram.com/p/YGtYohjj0-,1365984750,723,18,0,36,7,0,0,FALSE
justinpjtrudeau,https://www.instagram.com/p/By8Wo0oAnUe,1561058292,71826,2196,0,506,85,0,1,FALSE
justinpjtrudeau,https://www.instagram.com/p/iF1jf3Dj0t,1387430315,544,7,6,59,7,0,0,FALSE
justinpjtrudeau,https://www.instagram.com/p/S86e-_jj_k,1354918655,655,27,0,0,0,0,0,FALSE
justinpjtrudeau,https://www.instagram.com/p/B3cpdc2gP4G,1570731836,84762,1223,0,107,16,1,0,FALSE
justinpjtrudeau,https://www.instagram.com/p/BpnDNuLghX9,1541016112,131128,1411,2,145,22,0,2,FALSE
justinpjtrudeau,https://www.instagram.com/p/BsvxNx8gTCw,1547751117,24194,1301,0,211,40,0,0,FALSE
justinpjtrudeau,https://www.instagram.com/p/BKo25_8gZVW,1474504775,35990,580,0,239,32,0,0,FALSE
justinpjtrudeau,https://www.instagram.com/p/BldyHeJBLNt,1532115224,29797,795,0,379,65,0,3,FALSE
justinpjtrudeau,https://www.instagram.com/p/BvK4VG8gRoa,1552955842,13643,236,0,69,12,0,0,TRUE
justinpjtrudeau,https://www.instagram.com/p/BSgv8R9hz6p,1491412558,15331,155,0,273,45,0,0,FALSE
justinpjtrudeau,https://www.instagram.com/p/hKmsjmjj8O,1385442814,692,12,4,50,6,0,0,FALSE
justinpjtrudeau,https://www.instagram.com/p/BJI2-TSg4Es,1471283585,15530,130,0,226,39,0,0,FALSE
justinpjtrudeau,https://www.instagram.com/p/BHQDcW-g7bu,1467230036,32792,366,2,336,49,0,0,FALSE
justinpjtrudeau,https://www.instagram.com/p/BnFCBi2B66w,1535579670,38800,591,0,489,76,0,0,FALSE
justinpjtrudeau,https://www.instagram.com/p/BwW49GKgIXH,1555506248,28516,678,1,231,40,0,0,FALSE
justinpjtrudeau,https://www.instagram.com/p/CaYZWMnL88r,1645751098,169767,9610,0,1952,302,0,3,FALSE
justinpjtrudeau,https://www.instagram.com/p/BCyOodXjj_i,1457639335,24223,366,0,257,37,0,0,FALSE
justinpjtrudeau,https://www.instagram.com/p/XNQSw_Djyn,1364056895,442,3,2,94,16,0,0,FALSE
justinpjtrudeau,https://www.instagram.com/p/BhpYUfDBGjG,1523914418,54906,766,0,614,105,0,3,FALSE
justinpjtrudeau,https://www.instagram.com/p/S1FTUkjj1b,1354655891,1621,131,3,31,3,0,0,FALSE
justinpjtrudeau,https://www.instagram.com/p/34nduDDj10,1434231361,2709,198,5,161,21,0,0,FALSE
justinpjtrudeau,https://www.instagram.com/p/BbUlPyKBqUw,1510331650,28634,212,0,466,80,0,0,FALSE
justinpjtrudeau,https://www.instagram.com/p/BUsN7G9B33T,1496092343,42717,177,0,25,3,0,1,FALSE
justinpjtrudeau,https://www.instagram.com/p/BMo9bMQgAds,1478803160,9837,245,0,334,58,0,0,TRUE
justinpjtrudeau,https://www.instagram.com/p/CRPsdjMr6Rj,1626131777,75005,1947,2,1121,196,0,0,FALSE
justinpjtrudeau,https://www.instagram.com/p/BoAp1gnBTpo,1537580255,42847,661,0,561,87,0,0,FALSE
justinpjtrudeau,https://www.instagram.com/p/BU-BYxqBkWM,1496689750,69114,688,2,282,42,0,3,FALSE
justinpjtrudeau,https://www.instagram.com/p/BpqNb4oAT5v,1541122162,10770,105,0,133,23,0,0,TRUE
justinpjtrudeau,https://www.instagram.com/p/B34akO9Acjy,1571663552,42217,632,0,172,35,0,0,FALSE
justinpjtrudeau,https://www.instagram.com/p/CK7kn5DgJYQ,1612571677,170437,2720,0,206,38,0,0,FALSE
justinpjtrudeau,https://www.instagram.com/p/BNM7vdrAOu3,1480010237,21063,274,1,238,45,0,1,FALSE
justinpjtrudeau,https://www.instagram.com/p/B5Gs_NCAODa,1574290456,75116,1473,0,656,107,0,0,FALSE
justinpjtrudeau,https://www.instagram.com/p/BMFIBIpgVAJ,1477600754,13339,221,0,292,54,0,0,FALSE
justinpjtrudeau,https://www.instagram.com/p/BK9J1FFAAdt,1475185785,6164,124,0,143,23,0,0,TRUE
justinpjtrudeau,https://www.instagram.com/p/BNDZ5FVgLXi,1479690500,14709,124,2,483,84,0,0,FALSE
justinpjtrudeau,https://www.instagram.com/p/Bu8-L19gkZ3,1552489218,5756,106,0,294,47,0,0,TRUE
justinpjtrudeau,https://www.instagram.com/p/BJ20S68giCY,1472825685,11683,85,0,1049,183,0,0,FALSE
justinpjtrudeau,https://www.instagram.com/p/B34akO9Acjy,1571663552,42217,632,0,172,35,0,0,FALSE
justinpjtrudeau,https://www.instagram.com/p/BV242eahFpt,1498597877,24201,183,0,245,45,0,0,FALSE
justinpjtrudeau,https://www.instagram.com/p/BiPf1DeBddq,1525193423,22983,338,0,428,64,0,0,FALSE
justinpjtrudeau,https://www.instagram.com/p/CP8FHvUrlli,1623326134,83675,2185,0,561,95,0,0,FALSE
justinpjtrudeau,https://www.instagram.com/p/Bx6C9ShAfB0,1558833381,235679,3177,3,34,5,0,0,FALSE
justinpjtrudeau,https://www.instagram.com/p/BMo9bMQgAds,1478803160,9837,245,0,334,58,0,0,TRUE
justinpjtrudeau,https://www.instagram.com/p/B_DbcbLgwfc,1587065496,84083,2499,0,514,83,0,0,FALSE
justinpjtrudeau,https://www.instagram.com/p/BUK0mjMBBIO,1494971771,43150,1184,0,287,44,0,0,FALSE
justinpjtrudeau,https://www.instagram.com/p/BWB47O3ho2g,1498967015,46288,449,2,539,92,0,0,FALSE
justinpjtrudeau,https://www.instagram.com/p/BS1fNPph_3a,1492108427,15921,205,0,354,57,0,0,FALSE
justinpjtrudeau,https://www.instagram.com/p/CLH_o9aARNO,1612988495,49340,2271,0,2192,372,0,2,FALSE
justinpjtrudeau,https://www.instagram.com/p/B2AVsSDALYI,1567634464,43475,960,0,316,54,0,0,FALSE
justinpjtrudeau,https://www.instagram.com/p/BNaT1S9AMIM,1480459075,18201,691,0,1238,194,0,0,FALSE
justinpjtrudeau,https://www.instagram.com/p/BC0ofGujj8w,1457719999,26660,559,2,73,10,0,0,FALSE
justinpjtrudeau,https://www.instagram.com/p/Bjyaja-lPWH,1528513018,25438,673,0,411,70,0,0,TRUE
justinpjtrudeau,https://www.instagram.com/p/nsZ5xMDjyV,1399461859,1585,60,5,168,28,0,0,FALSE
justinpjtrudeau,https://www.instagram.com/p/r5MMIPDj_n,1408480812,887,13,9,380,62,0,0,FALSE
justinpjtrudeau,https://www.instagram.com/p/BlEHLA_hY6L,1531253848,23235,227,0,933,147,0,2,FALSE
justinpjtrudeau,https://www.instagram.com/p/BoK4EbehsD_,1537923618,19878,383,2,279,44,0,0,TRUE
justinpjtrudeau,https://www.instagram.com/p/BwdIZs5APrg,1555715673,30713,490,0,504,85,0,2,FALSE
justinpjtrudeau,https://www.instagram.com/p/BmZZvAxBtMh,1534115706,45042,455,2,369,51,0,0,FALSE
justinpjtrudeau,https://www.instagram.com/p/BJjUM8igzYW,1472171324,17427,178,0,204,33,0,0,FALSE
justinpjtrudeau,https://www.instagram.com/p/CEkX-szAvT5,1598908395,62944,1177,0,1188,195,0,4,FALSE
justinpjtrudeau,https://www.instagram.com/p/jPh7cGDj9n,1389903054,623,5,6,45,6,0,0,FALSE
justinpjtrudeau,https://www.instagram.com/p/Be6s3Q6hBAZ,1518053163,47551,1048,0,813,136,0,0,FALSE
justinpjtrudeau,https://www.instagram.com/p/znuUe1Dj0B,1425074595,6840,874,7,246,46,0,0,FALSE
justinpjtrudeau,https://www.instagram.com/p/BsrKNstANG2,1547596451,80075,2103,0,330,56,0,2,FALSE
justinpjtrudeau,https://www.instagram.com/p/CTdPzgzr50t,1630881482,50594,1586,0,487,87,0,1,FALSE
justintimberlake,https://www.instagram.com/p/BQVuy-HhL4B,1486747891,313057,2876,1,33,4,0,0,TRUE
justintimberlake,https://www.instagram.com/p/edTbR1ydjw,1379627794,89048,2853,4,62,6,0,0,TRUE
justintimberlake,https://www.instagram.com/p/Be9UDu-hhEb,1518140888,224264,2800,0,75,12,0,0,TRUE
justintimberlake,https://www.instagram.com/p/BvSEZGQhQ0a,1553197157,159451,2969,0,25,5,0,1,TRUE
justintimberlake,https://www.instagram.com/p/Bet-GFuBAra,1517626128,464464,4662,1,22,3,0,0,TRUE
justintimberlake,https://www.instagram.com/p/dAnE7KSdp-,1376517535,24903,225,2,72,7,0,0,TRUE
justintimberlake,https://www.instagram.com/p/BgyfVlCg8M0,1522072696,437805,8567,1,68,12,0,0,TRUE
justintimberlake,https://www.instagram.com/p/BsOsJadhBYa,1546641252,588556,7925,1,53,10,0,0,TRUE
justintimberlake,https://www.instagram.com/p/Bk5B2d5hA52,1530881959,1480033,7425,0,54,11,0,1,FALSE
justintimberlake,https://www.instagram.com/p/Wf6S0WSdjM,1362535412,116261,3559,0,4,1,0,0,FALSE
justintimberlake,https://www.instagram.com/p/Ba7dttjhW6O,1509488936,284343,956,1,19,2,3,0,TRUE
justintimberlake,https://www.instagram.com/p/edIEVgydgo,1379621839,99138,4062,3,52,6,0,0,TRUE
justintimberlake,https://www.instagram.com/p/BZWx5yNBo8h,1506110427,219224,664,1,103,20,0,1,FALSE
justintimberlake,https://www.instagram.com/p/BGO0bpQSdgT,1465041128,356763,2864,0,142,25,0,0,FALSE
justintimberlake,https://www.instagram.com/p/ddplcBydl4,1377491928,179038,2996,2,33,5,0,0,FALSE
justintimberlake,https://www.instagram.com/p/B6QwRqshuiz,1576775208,353248,5186,0,10,3,0,0,FALSE
justintimberlake,https://www.instagram.com/p/mlOcbsydir,1397073487,183781,2685,1,107,18,0,0,FALSE
justintimberlake,https://www.instagram.com/p/BpaGcDnlSHx,1540581595,435301,3171,2,249,52,0,2,FALSE
justintimberlake,https://www.instagram.com/p/CBgDBjDFI86,1592321061,43954,657,1,357,60,0,0,TRUE
justintimberlake,https://www.instagram.com/p/Bku1ycon7gy,1530540090,592166,2521,0,29,4,0,5,FALSE
justintimberlake,https://www.instagram.com/p/BxXuReGhwqa,1557681686,419342,1997,0,44,10,1,1,FALSE
justintimberlake,https://www.instagram.com/p/BiNqxO3AMQU,1525132050,1596548,15496,1,171,28,1,7,FALSE
justintimberlake,https://www.instagram.com/p/CQhlCLcHbrg,1624584412,207116,2059,0,91,19,4,1,TRUE
justintimberlake,https://www.instagram.com/p/ogw_l3ydnW,1401218796,259556,15406,1,74,13,0,0,FALSE
justintimberlake,https://www.instagram.com/p/cA5A-KSdsH,1374379456,55694,1775,5,50,8,0,0,FALSE
justintimberlake,https://www.instagram.com/p/fDjLGKydu8,1380911119,135525,699,1,82,12,0,0,FALSE
justintimberlake,https://www.instagram.com/p/CPT9zGwnKnz,1621980117,279792,3747,0,1277,224,0,1,FALSE
justintimberlake,https://www.instagram.com/p/y7vsuaSdjt,1423598923,272115,14595,1,40,3,0,0,TRUE
justintimberlake,https://www.instagram.com/p/BxIQ3cChyLm,1557162952,407315,3434,0,25,5,2,2,FALSE
justintimberlake,https://www.instagram.com/p/B8guTR2BzIh,1581606011,371913,3801,1,270,36,1,17,FALSE
justintimberlake,https://www.instagram.com/p/BD1c8qrSdkx,1459894987,290921,1606,2,227,34,0,0,FALSE
justintimberlake,https://www.instagram.com/p/Bsbi7RAB_Tl,1547072536,556450,4027,0,16,2,0,1,FALSE
justintimberlake,https://www.instagram.com/p/BFWumEQydh8,1463159019,276077,1845,2,70,8,0,3,FALSE
justintimberlake,https://www.instagram.com/p/BReotNSBe41,1489194172,441957,3120,0,79,13,0,0,FALSE
justintimberlake,https://www.instagram.com/p/Be6be_EhLvv,1518044051,78523,761,0,133,23,0,1,FALSE
justintimberlake,https://www.instagram.com/p/CDw_FzVhWse,1597184070,428118,6528,0,26,4,2,3,FALSE
justintimberlake,https://www.instagram.com/p/nyPMJ2Sdst,1399657569,171289,1455,2,36,4,0,0,FALSE
justintimberlake,https://www.instagram.com/p/xYaClsydqf,1420265679,229467,1348,2,27,3,0,0,FALSE
justintimberlake,https://www.instagram.com/p/VkNIJiydrY,1360532020,22197,448,1,32,6,0,0,FALSE
justintimberlake,https://www.instagram.com/p/Bgt7OcbgFAX,1521919452,920675,7001,2,111,18,0,4,FALSE
justintimberlake,https://www.instagram.com/p/COa7oKRhkXK,1620066487,107083,1827,0,51,6,2,3,TRUE
justintimberlake,https://www.instagram.com/p/B9GMFYMhUrb,1582863139,725422,20260,0,95,16,0,1,FALSE
justintimberlake,https://www.instagram.com/p/BFM5JUAydlf,1462829007,149693,761,3,84,6,0,0,TRUE
justintimberlake,https://www.instagram.com/p/BFT63ThSdqk,1463064789,410629,3672,2,21,4,0,2,FALSE
justintimberlake,https://www.instagram.com/p/BtD96lvh0vQ,1548428892,380229,7946,0,31,6,0,1,TRUE
justintimberlake,https://www.instagram.com/p/Bevda3aByuq,1517675967,715303,2347,1,91,12,1,0,FALSE
justintimberlake,https://www.instagram.com/p/vZTe7qSdnH,1416000828,121745,720,2,102,14,0,4,FALSE
justintimberlake,https://www.instagram.com/p/imrw5iSdtT,1388532479,150045,3182,0,21,3,0,0,TRUE
justintimberlake,https://www.instagram.com/p/BGO0bpQSdgT,1465041128,356763,2864,0,142,25,0,0,FALSE
justintimberlake,https://www.instagram.com/p/ogw_l3ydnW,1401218796,259556,15406,1,74,13,0,0,FALSE
justintimberlake,https://www.instagram.com/p/e2-7V8SdjS,1380489462,219234,2744,3,92,12,0,0,FALSE
justintimberlake,https://www.instagram.com/p/BhO9rT_gmdE,1523028034,273996,1670,2,177,31,1,1,FALSE
justintimberlake,https://www.instagram.com/p/BwSFyPnB5-x,1555345203,1047060,8599,0,31,7,1,6,FALSE
justintimberlake,https://www.instagram.com/p/Bd-0gx0ha5-,1516043907,310713,1062,3,68,10,0,0,FALSE
justintimberlake,https://www.instagram.com/p/CI5zzHHBUlV,1608217594,763330,33083,0,154,29,2,0,TRUE
justintimberlake,https://www.instagram.com/p/BjM-Z7RFXvy,1527256274,435028,2363,0,74,15,1,2,FALSE
justintimberlake,https://www.instagram.com/p/B9AROnPhelu,1582664510,423270,1870,0,42,6,3,4,FALSE
justintimberlake,https://www.instagram.com/p/Brny4A3hPYq,1545336068,635204,4802,1,41,7,0,3,FALSE
justintimberlake,https://www.instagram.com/p/BIIW6gjDW5r,1469119293,516485,3910,3,123,14,0,0,FALSE
justintimberlake,https://www.instagram.com/p/BjEK-TEFJxZ,1526960873,350018,3335,0,40,6,0,5,FALSE
justintimberlake,https://www.instagram.com/p/BeTUTX6hewl,1516732316,330766,4520,2,81,11,0,0,TRUE
justintimberlake,https://www.instagram.com/p/BSd64_-BPHf,1491317635,506578,4208,2,115,16,1,1,FALSE
justintimberlake,https://www.instagram.com/p/BdnngFXh0by,1515265389,570045,5257,0,13,4,1,0,TRUE
justintimberlake,https://www.instagram.com/p/B-pPHpHhWVY,1586186735,212410,1653,1,72,8,2,4,TRUE
justintimberlake,https://www.instagram.com/p/u1iVkwydkI,1414800656,136896,1668,2,351,52,0,0,TRUE
justintimberlake,https://www.instagram.com/p/BO1ZDyeBcfw,1483515269,326952,4104,0,48,10,0,0,TRUE
justintimberlake,https://www.instagram.com/p/BcVYpBuhntA,1512506116,449756,6724,1,14,1,0,0,TRUE
justintimberlake,https://www.instagram.com/p/BhMgMq_AkTs,1522945469,805954,3189,0,24,3,0,1,FALSE
justintimberlake,https://www.instagram.com/p/VlWTUdydqd,1360570384,17004,140,1,10,1,0,0,FALSE
justintimberlake,https://www.instagram.com/p/ebohM8SdiS,1379571744,173079,2180,2,43,4,0,0,FALSE
justintimberlake,https://www.instagram.com/p/WNQnykydvB,1361909584,82849,801,0,40,6,0,0,FALSE
justintimberlake,https://www.instagram.com/p/Be6aj35hC4O,1518043567,101033,988,0,237,38,0,1,FALSE
justintimberlake,https://www.instagram.com/p/BnEj7wBls4q,1535563985,140055,1518,1,249,50,0,1,TRUE
justintimberlake,https://www.instagram.com/p/BadBnXrBVs0,1508467475,525974,10756,3,558,104,0,1,FALSE
justintimberlake,https://www.instagram.com/p/odgVpnSdoJ,1401109400,283841,4571,1,112,19,0,0,FALSE
justintimberlake,https://www.instagram.com/p/n2yrpYydlB,1399810395,204767,2026,1,24,3,0,0,FALSE
justintimberlake,https://www.instagram.com/p/Y8P76yydj6,1367781250,80029,1738,2,30,2,0,0,FALSE
justintimberlake,https://www.instagram.com/p/n2yrpYydlB,1399810395,204767,2026,1,24,3,0,0,FALSE
justintimberlake,https://www.instagram.com/p/BQpNpTdhKoi,1487401599,524885,3684,0,74,15,0,0,FALSE
justintimberlake,https://www.instagram.com/p/VlNXaWSdmg,1360565699,35951,655,1,10,1,0,0,FALSE
justintimberlake,https://www.instagram.com/p/BP8EqgBhcqL,1485886941,377356,8726,1,48,8,0,0,TRUE
justintimberlake,https://www.instagram.com/p/dA1fq1ydih,1376525094,27201,385,3,74,8,0,0,TRUE
justintimberlake,https://www.instagram.com/p/B9XaOVaB2pK,1583440978,141291,835,1,412,69,2,4,FALSE
justintimberlake,https://www.instagram.com/p/BgUsgVmBIDZ,1521073151,193197,2085,0,163,30,0,1,TRUE
justintimberlake,https://www.instagram.com/p/CHTLYrnBaee,1604773864,297711,7464,1,69,11,2,0,TRUE
justintimberlake,https://www.instagram.com/p/e-T0W_Sdsv,1380735296,99849,1622,2,120,20,0,0,TRUE
justintimberlake,https://www.instagram.com/p/Besqv9Rhidb,1517582765,252856,2531,1,48,7,3,0,TRUE
justintimberlake,https://www.instagram.com/p/BQQ94yHBh3_,1486588031,575359,3792,0,48,6,1,2,FALSE
justintimberlake,https://www.instagram.com/p/BVfjvkjByKZ,1497815058,1097511,4037,1,193,30,0,0,FALSE
justintimberlake,https://www.instagram.com/p/BxXuwT8hiqk,1557681938,1180924,4063,0,252,46,0,1,FALSE
justintimberlake,https://www.instagram.com/p/Bpkkn2fl9uk,1540933098,899767,16910,1,23,4,0,1,TRUE
justintimberlake,https://www.instagram.com/p/BFT63ThSdqk,1463064789,410629,3672,2,21,4,0,2,FALSE
justintimberlake,https://www.instagram.com/p/BctAU2hB5rY,1513298637,1265032,8938,1,343,62,0,3,FALSE
justintimberlake,https://www.instagram.com/p/BFKTTz7Sdpl,1462742061,155327,520,3,95,13,0,0,TRUE
justintimberlake,https://www.instagram.com/p/BppTlF6l_tJ,1541091855,462362,10709,1,28,6,1,2,TRUE
justintimberlake,https://www.instagram.com/p/uYKwkQydkZ,1413815216,94259,1481,1,60,5,0,0,TRUE
justintimberlake,https://www.instagram.com/p/BL9ixsCBWlM,1477346348,331460,1649,2,44,4,0,7,FALSE
justintimberlake,https://www.instagram.com/p/CKefbovBD6A,1611595921,322862,7841,2,367,67,2,0,TRUE
justintimberlake,https://www.instagram.com/p/BXNzpPhBaOi,1501514383,303274,6961,0,249,47,0,0,TRUE
justintimberlake,https://www.instagram.com/p/BeixgrXB2SM,1517250402,232010,1943,2,27,4,0,0,TRUE
justintimberlake,https://www.instagram.com/p/V-IOMmydrU,1361401863,25652,228,1,47,6,0,0,FALSE
justintimberlake,https://www.instagram.com/p/BO1ZDyeBcfw,1483515269,326952,4104,0,48,10,0,0,TRUE
justintimberlake,https://www.instagram.com/p/BjOPQGhlTyM,1527298661,429592,2706,0,55,9,0,0,FALSE
justintimberlake,https://www.instagram.com/p/BctAU2hB5rY,1513298637,1265032,8938,1,343,62,0,3,FALSE
justintimberlake,https://www.instagram.com/p/BGO0bpQSdgT,1465041128,356763,2864,0,142,25,0,0,FALSE
justintimberlake,https://www.instagram.com/p/CN6EcrdBg0F,1618963705,407319,3820,2,323,52,0,2,FALSE
justintimberlake,https://www.instagram.com/p/Vlf7VVSdvT,1360575431,22615,430,1,40,5,0,0,FALSE
justintimberlake,https://www.instagram.com/p/BdijmrdB6TP,1515096105,188750,3129,0,29,4,1,0,TRUE
justintimberlake,https://www.instagram.com/p/03p_phSdm_,1427756682,465593,6009,2,89,12,0,2,FALSE
justintimberlake,https://www.instagram.com/p/BQVuy-HhL4B,1486747891,313057,2876,1,33,4,0,0,TRUE
justintimberlake,https://www.instagram.com/p/BmT-JRUFn1s,1533933469,543565,4724,1,324,65,0,1,FALSE
justintimberlake,https://www.instagram.com/p/BejLzo9BceG,1517264126,162156,2098,0,37,4,0,0,TRUE
justintimberlake,https://www.instagram.com/p/Bda9m6lh5Xl,1514840716,232129,1467,1,118,21,0,1,FALSE
justintimberlake,https://www.instagram.com/p/BdvAQY3BpJh,1515513451,254567,4171,0,59,8,1,0,TRUE
justintimberlake,https://www.instagram.com/p/BIODNGkhwDk,1469310286,250641,1734,0,59,8,0,0,FALSE
justintimberlake,https://www.instagram.com/p/xYr2tRydvT,1420275019,354805,4244,2,200,35,0,1,FALSE
justintimberlake,https://www.instagram.com/p/B8jj3y7BTip,1581701206,1236331,4159,0,180,33,0,1,FALSE
justintimberlake,https://www.instagram.com/p/tW2O7Nydp1,1411623417,220032,1285,0,60,10,0,0,FALSE
justintimberlake,https://www.instagram.com/p/vOlSMmydmJ,1415641062,206986,2421,1,282,45,0,2,FALSE
justintimberlake,https://www.instagram.com/p/BL4k7x8hqSF,1477179707,388996,2172,2,180,26,1,0,TRUE
justintimberlake,https://www.instagram.com/p/BeZLCbPBSfb,1516928239,99861,1335,0,28,4,0,0,TRUE
justintimberlake,https://www.instagram.com/p/BgRO4zzhOYY,1520956707,133922,2140,1,17,3,0,0,TRUE
justintimberlake,https://www.instagram.com/p/Bdkt6JohqyV,1515168029,415189,5670,1,5,1,0,0,FALSE
justintimberlake,https://www.instagram.com/p/n2yrpYydlB,1399810395,204767,2026,1,24,3,0,0,FALSE
justintimberlake,https://www.instagram.com/p/Bdc3xQNBY5K,1514905495,407500,28056,0,9,1,0,0,TRUE
justintimberlake,https://www.instagram.com/p/Bbqpr9bhTWd,1511072410,593298,5090,1,70,6,1,0,TRUE
justintimberlake,https://www.instagram.com/p/BAIr7bsydri,1451950441,345467,2609,1,329,54,0,0,FALSE
justintimberlake,https://www.instagram.com/p/BFaF088SdsV,1463271863,306447,1415,2,58,7,0,0,FALSE
justintimberlake,https://www.instagram.com/p/Beqbx_-BaTn,1517507474,233989,2973,2,169,28,2,0,TRUE
justintimberlake,https://www.instagram.com/p/BgXTJskhULu,1521160347,266901,2697,1,26,4,0,1,TRUE
justintimberlake,https://www.instagram.com/p/gZvb-xydlZ,1383803230,251055,3053,1,31,4,0,0,FALSE
justintimberlake,https://www.instagram.com/p/BFDDCnHydsN,1462498650,246055,2335,3,77,10,0,0,TRUE
justintimberlake,https://www.instagram.com/p/edTbR1ydjw,1379627794,89048,2853,4,62,6,0,0,TRUE
justintimberlake,https://www.instagram.com/p/BGO0bpQSdgT,1465041128,356763,2864,0,142,25,0,0,FALSE
justintimberlake,https://www.instagram.com/p/B33GpKCAGS0,1571619635,253076,2318,0,17,2,0,1,TRUE
justintimberlake,https://www.instagram.com/p/BShfSi0hA8O,1491437381,504396,3012,0,170,30,0,0,FALSE
justintimberlake,https://www.instagram.com/p/y7vsuaSdjt,1423598923,272115,14595,1,40,3,0,0,TRUE
justintimberlake,https://www.instagram.com/p/BmoOckVlyaK,1534613113,429187,8060,0,42,6,0,2,TRUE
justintimberlake,https://www.instagram.com/p/BM7zCqPBvyO,1479435250,427522,24945,0,86,11,0,3,FALSE
justintimberlake,https://www.instagram.com/p/BKIy9WOhpPc,1473428964,294739,15468,2,98,12,0,0,TRUE
justintimberlake,https://www.instagram.com/p/eUGm-JSdgM,1379319084,175939,3993,3,52,5,0,1,FALSE
justintimberlake,https://www.instagram.com/p/BKUp8sYhTr5,1473826893,269409,1423,3,51,6,0,0,FALSE
justintimberlake,https://www.instagram.com/p/BbS2ezuh6IN,1510273803,313980,3956,2,48,6,0,0,TRUE
justintimberlake,https://www.instagram.com/p/xnLQsmydpk,1420761247,154223,3094,1,156,29,0,0,FALSE
justintimberlake,https://www.instagram.com/p/BpHvxdvlzSM,1539965812,263219,2133,0,48,8,1,2,TRUE
justintimberlake,https://www.instagram.com/p/Buo6FlShCAF,1551816373,165595,2034,1,65,12,3,1,TRUE
justintimberlake,https://www.instagram.com/p/hM2kKYSdrR,1385518243,114179,792,1,69,12,0,2,FALSE
justintimberlake,https://www.instagram.com/p/cXWTq0ydoR,1375133011,46249,1004,3,62,9,0,0,FALSE
justintimberlake,https://www.instagram.com/p/Be6avUwhKVb,1518043660,73938,646,0,132,23,0,1,FALSE
justintimberlake,https://www.instagram.com/p/vpW4Z6Sdi7,1416539481,174711,1442,2,304,50,0,2,FALSE
justintimberlake,https://www.instagram.com/p/CFxLEMoBmpF,1601485393,34350,603,0,480,83,0,0,TRUE
justintimberlake,https://www.instagram.com/p/Be9UUv7hjYs,1518141134,144287,2317,0,119,18,0,0,TRUE
justintimberlake,https://www.instagram.com/p/BmTUH_glPQ4,1533911439,1098322,10525,1,326,57,0,3,FALSE
justintimberlake,https://www.instagram.com/p/Be6ZcpVBDR3,1518042983,73700,551,0,145,24,0,1,FALSE
justintimberlake,https://www.instagram.com/p/BurkEuCh_FG,1551905026,381439,4173,0,95,17,0,1,TRUE
justintimberlake,https://www.instagram.com/p/xYRE1LydtI,1420260979,343661,5381,2,33,4,0,1,FALSE
justintimberlake,https://www.instagram.com/p/CAA64S9hrmG,1589128798,909722,3437,0,258,51,0,1,FALSE
justintimberlake,https://www.instagram.com/p/Bggr7EIAhLN,1521475606,121856,1759,1,166,30,0,1,TRUE
justintimberlake,https://www.instagram.com/p/Bg7t5zCHfXF,1522382229,449041,5885,0,67,9,0,0,FALSE
justintimberlake,https://www.instagram.com/p/9AGhlCydu-,1445219945,329308,1804,2,166,31,0,0,FALSE
justintimberlake,https://www.instagram.com/p/BM7zCqPBvyO,1479435250,427522,24945,0,86,11,0,3,FALSE
justintimberlake,https://www.instagram.com/p/BfgpFfqBaPR,1519326250,259315,1434,0,45,5,0,3,FALSE
justintimberlake,https://www.instagram.com/p/BmTUH_glPQ4,1533911439,1098322,10525,1,326,57,0,3,FALSE
justintimberlake,https://www.instagram.com/p/hbo-b2ydqq,1386014434,217799,2250,2,87,12,0,0,FALSE
justintimberlake,https://www.instagram.com/p/B5JAB2EBLA9,1574367548,671592,7267,1,477,86,1,3,FALSE
justintimberlake,https://www.instagram.com/p/BHqfAqNh5e-,1468116905,784119,7914,1,49,8,0,0,FALSE
justintimberlake,https://www.instagram.com/p/kfnchxSdlu,1392590301,124224,1242,0,75,14,0,0,FALSE
justintimberlake,https://www.instagram.com/p/BeoMlPtha9E,1517432538,822389,37185,2,155,23,0,0,TRUE
justintimberlake,https://www.instagram.com/p/B812WEeBCtd,1582314944,154326,2796,1,38,6,1,15,TRUE
justintimberlake,https://www.instagram.com/p/Be6ZcpVBDR3,1518042983,73700,551,0,145,24,0,1,FALSE
justintimberlake,https://www.instagram.com/p/ceylBeydlp,1375382714,39354,513,4,94,13,0,0,FALSE
justintimberlake,https://www.instagram.com/p/BReotNSBe41,1489194172,441957,3120,0,79,13,0,0,FALSE
justintimberlake,https://www.instagram.com/p/oG1OT_ydvt,1400348598,108892,1568,2,91,12,0,0,TRUE
justintimberlake,https://www.instagram.com/p/BslU_ithx9i,1547400816,361243,5199,0,26,5,0,1,TRUE
justintimberlake,https://www.instagram.com/p/BFy8b_nSdvz,1464105801,135342,888,2,137,19,2,0,TRUE
justintimberlake,https://www.instagram.com/p/ByWbP-thN7C,1559785641,620112,5656,0,58,10,2,2,FALSE
justintimberlake,https://www.instagram.com/p/BfbdG1MBLqc,1519152198,357959,2078,1,51,9,0,1,FALSE
justintimberlake,https://www.instagram.com/p/Vj_S34SdoR,1360524768,39036,985,0,83,12,0,0,FALSE
justintimberlake,https://www.instagram.com/p/9riVEISdp9,1446677363,445221,5054,1,23,3,0,2,FALSE
justintimberlake,https://www.instagram.com/p/yFdH9iydkq,1421777245,291641,4290,1,265,51,0,0,FALSE
justintimberlake,https://www.instagram.com/p/ddplcBydl4,1377491928,179038,2996,2,33,5,0,0,FALSE
justintimberlake,https://www.instagram.com/p/BeA8p9AhA3b,1516115394,293616,4858,0,44,9,1,0,TRUE
justintimberlake,https://www.instagram.com/p/Be6cda3hY8w,1518044562,71256,1178,0,141,25,0,1,FALSE
justintimberlake,https://www.instagram.com/p/BlBCAYPnn7K,1531150586,615710,8847,0,8,1,0,0,TRUE
justintimberlake,https://www.instagram.com/p/Vlf7VVSdvT,1360575431,22615,430,1,40,5,0,0,FALSE
justintimberlake,https://www.instagram.com/p/CI5zzHHBUlV,1608217594,763330,33083,0,154,29,2,0,TRUE
justintimberlake,https://www.instagram.com/p/BxXuwT8hiqk,1557681938,1180924,4063,0,252,46,0,1,FALSE
justintimberlake,https://www.instagram.com/p/BDwFeMvydhc,1459714907,266688,1162,1,68,12,0,7,FALSE
justintimberlake,https://www.instagram.com/p/yk_OnzSdiB,1422835313,210220,7891,0,9,2,0,0,TRUE
justintimberlake,https://www.instagram.com/p/BIQmfYIhGHY,1469395895,309187,5437,2,102,8,0,0,TRUE
justintimberlake,https://www.instagram.com/p/dAq3AGSdvP,1376519518,23974,225,3,77,12,0,0,TRUE
justintimberlake,https://www.instagram.com/p/BR1UzzzBVit,1489955492,284788,2898,1,64,7,0,0,FALSE
justintimberlake,https://www.instagram.com/p/BsZPCuIB_W2,1546995043,253991,2421,0,82,12,0,1,TRUE
justintimberlake,https://www.instagram.com/p/BIODNGkhwDk,1469310286,250641,1734,0,59,8,0,0,FALSE
justintimberlake,https://www.instagram.com/p/Y89En7ydv6,1367804914,82214,1369,0,0,0,0,0,FALSE
justintimberlake,https://www.instagram.com/p/B_lgSMFhMWf,1588208902,99866,2588,0,94,17,1,2,TRUE
justintimberlake,https://www.instagram.com/p/-zPGmPydhr,1449083202,227285,6385,3,256,42,0,0,FALSE
justintimberlake,https://www.instagram.com/p/Be6aj35hC4O,1518043567,101033,988,0,237,38,0,1,FALSE
justintimberlake,https://www.instagram.com/p/BbqHO-8BCfH,1511054112,947413,4661,0,6,1,0,0,FALSE
justintimberlake,https://www.instagram.com/p/Ba7dttjhW6O,1509488936,284343,956,1,19,2,3,0,TRUE
